BAS,Index CurveSPEC,Index CurveSPEC,Index Curve,.4GSPC-Index Curve,.4GSPC-Index Curve,USD,0,TRUE,@Sliding Axis 2
rm_ro,Index CurveSPEC : Generic Index Surface,Generic Index Surface,Index CurveSPEC,0,0,940.14,,,
BAS,Index CurveSPEC,Index CurveSPEC,Index Curve,.AEX-Index Curve,.AEX-Index Curve,EUR,0,TRUE,@Sliding Axis 2
rm_ro,Index CurveSPEC : Generic Index Surface,Generic Index Surface,Index CurveSPEC,0,0,307.31,,,
BAS,Index CurveSPEC,Index CurveSPEC,Index Curve,.AMX-Index Curve,.AMX-Index Curve,EUR,0,TRUE,@Sliding Axis 2
rm_ro,Index CurveSPEC : Generic Index Surface,Generic Index Surface,Index CurveSPEC,0,0,504.58,,,
BAS,Index CurveSPEC,Index CurveSPEC,Index Curve,.ASCX-Index Curve,.ASCX-Index Curve,EUR,0,TRUE,@Sliding Axis 2
rm_ro,Index CurveSPEC : Generic Index Surface,Generic Index Surface,Index CurveSPEC,0,0,380.75,,,
BAS,Index CurveSPEC,Index CurveSPEC,Index Curve,.BETFI-Index Curve,.BETFI-Index Curve,RON,0,TRUE,@Sliding Axis 2
rm_ro,Index CurveSPEC : Generic Index Surface,Generic Index Surface,Index CurveSPEC,0,0,20322.52,,,
BAS,Index CurveSPEC,Index CurveSPEC,Index Curve,.BETI-Index Curve,.BETI-Index Curve,RON,0,TRUE,@Sliding Axis 2
rm_ro,Index CurveSPEC : Generic Index Surface,Generic Index Surface,Index CurveSPEC,0,0,4528.16,,,
BAS,Index CurveSPEC,Index CurveSPEC,Index Curve,.BUX-Index Curve,.BUX-Index Curve,HUF,0,TRUE,@Sliding Axis 2
rm_ro,Index CurveSPEC : Generic Index Surface,Generic Index Surface,Index CurveSPEC,0,0,17341.07,,,
BAS,Index CurveSPEC,Index CurveSPEC,Index Curve,.CEMU=USD-Index Curve,.CEMU=USD-Index Curve,USD,0,TRUE,@Sliding Axis 2
rm_ro,Index CurveSPEC : Generic Index Surface,Generic Index Surface,Index CurveSPEC,0,0,131.259,,,
BAS,Index CurveSPEC,Index CurveSPEC,Index Curve,.CIEU-Index Curve,.CIEU-Index Curve,EUR,0,TRUE,@Sliding Axis 2
rm_ro,Index CurveSPEC : Generic Index Surface,Generic Index Surface,Index CurveSPEC,0,0,1034.141,,,
BAS,Index CurveSPEC,Index CurveSPEC,Index Curve,.CIJP=USD-Index Curve,.CIJP=USD-Index Curve,USD,0,TRUE,@Sliding Axis 2
rm_ro,Index CurveSPEC : Generic Index Surface,Generic Index Surface,Index CurveSPEC,0,0,2132.249,,,
BAS,Index CurveSPEC,Index CurveSPEC,Index Curve,.CIKK=USD-Index Curve,.CIKK=USD-Index Curve,USD,0,TRUE,@Sliding Axis 2
rm_ro,Index CurveSPEC : Generic Index Surface,Generic Index Surface,Index CurveSPEC,0,0,1199.36,,,
BAS,Index CurveSPEC,Index CurveSPEC,Index Curve,.FTSE-Index Curve,.FTSE-Index Curve,GBP,0,TRUE,@Sliding Axis 2
rm_ro,Index CurveSPEC : Generic Index Surface,Generic Index Surface,Index CurveSPEC,0,0,5571.15,,,
BAS,Index CurveSPEC,Index CurveSPEC,Index Curve,.HSI-Index Curve,.HSI-Index Curve,HKD,0,TRUE,@Sliding Axis 2
rm_ro,Index CurveSPEC : Generic Index Surface,Generic Index Surface,Index CurveSPEC,0,0,19441.46,,,
BAS,Index CurveSPEC,Index CurveSPEC,Index Curve,.IBEX-Index Curve,.IBEX-Index Curve,EUR,0,TRUE,@Sliding Axis 2
rm_ro,Index CurveSPEC : Generic Index Surface,Generic Index Surface,Index CurveSPEC,0,0,7102.2,,,
BAS,Index CurveSPEC,Index CurveSPEC,Index Curve,.IXIC-Index Curve,.IXIC-Index Curve,USD,0,TRUE,@Sliding Axis 2
rm_ro,Index CurveSPEC : Generic Index Surface,Generic Index Surface,Index CurveSPEC,0,0,2935.05,,,
BAS,Index CurveSPEC,Index CurveSPEC,Index Curve,.KLSE-Index Curve,.KLSE-Index Curve,MYR,0,TRUE,@Sliding Axis 2
rm_ro,Index CurveSPEC : Generic Index Surface,Generic Index Surface,Index CurveSPEC,0,0,1599.15,,,
BAS,Index CurveSPEC,Index CurveSPEC,Index Curve,.KS11-Index Curve,.KS11-Index Curve,KRW,0,TRUE,@Sliding Axis 2
rm_ro,Index CurveSPEC : Generic Index Surface,Generic Index Surface,Index CurveSPEC,0,0,1854.01,,,
BAS,Index CurveSPEC,Index CurveSPEC,Index Curve,.MSCIWO-Index Curve,.MSCIWO-Index Curve,USD,0,TRUE,@Sliding Axis 2
rm_ro,Index CurveSPEC : Generic Index Surface,Generic Index Surface,Index CurveSPEC,0,0,1199.93,,,
BAS,Index CurveSPEC,Index CurveSPEC,Index Curve,.MSDUEAFE-Index Curve,.MSDUEAFE-Index Curve,USD,0,TRUE,@Sliding Axis 2
rm_ro,Index CurveSPEC : Generic Index Surface,Generic Index Surface,Index CurveSPEC,0,0,1423.375,,,
BAS,Index CurveSPEC,Index CurveSPEC,Index Curve,.MSEUEGF-Index Curve,.MSEUEGF-Index Curve,USD,0,TRUE,@Sliding Axis 2
rm_ro,Index CurveSPEC : Generic Index Surface,Generic Index Surface,Index CurveSPEC,0,0,906.711,,,
BAS,Index CurveSPEC,Index CurveSPEC,Index Curve,.N100-Index Curve,.N100-Index Curve,EUR,0,TRUE,@Sliding Axis 2
rm_ro,Index CurveSPEC : Generic Index Surface,Generic Index Surface,Index CurveSPEC,0,0,611.81,,,
BAS,Index CurveSPEC,Index CurveSPEC,Index Curve,.N225-Index Curve,.N225-Index Curve,JPY,0,TRUE,@Sliding Axis 2
rm_ro,Index CurveSPEC : Generic Index Surface,Generic Index Surface,Index CurveSPEC,0,0,9006.78,,,
BAS,Index CurveSPEC,Index CurveSPEC,Index Curve,.NDX-Index Curve,.NDX-Index Curve,USD,0,TRUE,@Sliding Axis 2
rm_ro,Index CurveSPEC : Generic Index Surface,Generic Index Surface,Index CurveSPEC,0,0,2615.72,,,
BAS,Index CurveSPEC,Index CurveSPEC,Index Curve,.PX-Index Curve,.PX-Index Curve,CZK,0,TRUE,@Sliding Axis 2
rm_ro,Index CurveSPEC : Generic Index Surface,Generic Index Surface,Index CurveSPEC,0,0,900.9,,,
BAS,Index CurveSPEC,Index CurveSPEC,Index Curve,.RUX-Index Curve,.RUX-Index Curve,USD,0,TRUE,@Sliding Axis 2
rm_ro,Index CurveSPEC : Generic Index Surface,Generic Index Surface,Index CurveSPEC,0,0,798.49,,,
BAS,Index CurveSPEC,Index CurveSPEC,Index Curve,.SETI-Index Curve,.SETI-Index Curve,THB,0,TRUE,@Sliding Axis 2
rm_ro,Index CurveSPEC : Generic Index Surface,Generic Index Surface,Index CurveSPEC,0,0,1172.11,,,
BAS,Index CurveSPEC,Index CurveSPEC,Index Curve,.SPX-Index Curve,.SPX-Index Curve,USD,0,TRUE,@Sliding Axis 2
rm_ro,Index CurveSPEC : Generic Index Surface,Generic Index Surface,Index CurveSPEC,0,0,1362.16,,,
BAS,Index CurveSPEC,Index CurveSPEC,Index Curve,.INDC1-Index Curve,INDC1-Index Curve,CNY,0,TRUE,@Sliding Axis 2
rm_ro,Index CurveSPEC : Generic Index Surface,Generic Index Surface,Index CurveSPEC,0,0,2225.4305,,,
BAS,Index CurveSPEC,Index CurveSPEC,Index Curve,.INDC2-Index Curve,.INDC2-Index Curve,EUR,0,TRUE,@Sliding Axis 2
rm_ro,Index CurveSPEC : Generic Index Surface,Generic Index Surface,Index CurveSPEC,0,0,2264.72,,,
BAS,Index CurveSPEC,Index CurveSPEC,Index Curve,.SSEC-Index Curve,.SSEC-Index Curve,CNY,0,TRUE,@Sliding Axis 2
rm_ro,Index CurveSPEC : Generic Index Surface,Generic Index Surface,Index CurveSPEC,0,0,2225.4305,,,
BAS,Index CurveSPEC,Index CurveSPEC,Index Curve,.STOXX50E-Index Curve,.STOXX50E-Index Curve,EUR,0,TRUE,@Sliding Axis 2
rm_ro,Index CurveSPEC : Generic Index Surface,Generic Index Surface,Index CurveSPEC,0,0,2264.72,,,
BAS,Index CurveSPEC,Index CurveSPEC,Index Curve,.WIG-Index Curve,.WIG-Index Curve,PLN,0,TRUE,@Sliding Axis 2
rm_ro,Index CurveSPEC : Generic Index Surface,Generic Index Surface,Index CurveSPEC,0,0,40810.88,,,
BAS,Index CurveSPEC,Index CurveSPEC,Index Curve,ASE_INDEX-Index Curve,ASE_INDEX-Index Curve,EUR,0,TRUE,@Sliding Axis 2
rm_ro,Index CurveSPEC : Generic Index Surface,Generic Index Surface,Index CurveSPEC,0,0,611.16,,,
BAS,Index CurveSPEC,Index CurveSPEC,Index Curve,CECEEUR_INDEX-Index Curve,CECEEUR_INDEX-Index Curve,EUR,0,TRUE,@Sliding Axis 2
rm_ro,Index CurveSPEC : Generic Index Surface,Generic Index Surface,Index CurveSPEC,0,0,1623.76,,,
BAS,Index CurveSPEC,Index CurveSPEC,Index Curve,ELHK_INDEX-Index Curve,ELHK_INDEX-Index Curve,HKD,0,TRUE,@Sliding Axis 2
rm_ro,Index CurveSPEC : Generic Index Surface,Generic Index Surface,Index CurveSPEC,0,0,1,,,
BAS,Index CurveSPEC,Index CurveSPEC,Index Curve,ELUK_INDEX-Index Curve,ELUK_INDEX-Index Curve,GBP,0,TRUE,@Sliding Axis 2
rm_ro,Index CurveSPEC : Generic Index Surface,Generic Index Surface,Index CurveSPEC,0,0,1,,,
BAS,Index CurveSPEC,Index CurveSPEC,Index Curve,EPFI_INDEX-Index Curve,EPFI_INDEX-Index Curve,EUR,0,TRUE,@Sliding Axis 2
rm_ro,Index CurveSPEC : Generic Index Surface,Generic Index Surface,Index CurveSPEC,0,0,1,,,
BAS,Index CurveSPEC,Index CurveSPEC,Index Curve,EPFR_INDEX-Index Curve,EPFR_INDEX-Index Curve,EUR,0,TRUE,@Sliding Axis 2
rm_ro,Index CurveSPEC : Generic Index Surface,Generic Index Surface,Index CurveSPEC,0,0,1,,,
BAS,Index CurveSPEC,Index CurveSPEC,Index Curve,EPGR_INDEX-Index Curve,EPGR_INDEX-Index Curve,EUR,0,TRUE,@Sliding Axis 2
rm_ro,Index CurveSPEC : Generic Index Surface,Generic Index Surface,Index CurveSPEC,0,0,1,,,
BAS,Index CurveSPEC,Index CurveSPEC,Index Curve,EPIT_INDEX-Index Curve,EPIT_INDEX-Index Curve,EUR,0,TRUE,@Sliding Axis 2
rm_ro,Index CurveSPEC : Generic Index Surface,Generic Index Surface,Index CurveSPEC,0,0,1,,,
BAS,Index CurveSPEC,Index CurveSPEC,Index Curve,EPNL_INDEX-Index Curve,EPNL_INDEX-Index Curve,EUR,0,TRUE,@Sliding Axis 2
rm_ro,Index CurveSPEC : Generic Index Surface,Generic Index Surface,Index CurveSPEC,0,0,1,,,
BAS,Index CurveSPEC,Index CurveSPEC,Index Curve,EPSP_INDEX-Index Curve,EPSP_INDEX-Index Curve,EUR,0,TRUE,@Sliding Axis 2
rm_ro,Index CurveSPEC : Generic Index Surface,Generic Index Surface,Index CurveSPEC,0,0,1,,,
BAS,Index CurveSPEC,Index CurveSPEC,Index Curve,EUG4TR_INDEX-Index Curve,EUG4TR_INDEX-Index Curve,EUR,0,TRUE,@Sliding Axis 2
rm_ro,Index CurveSPEC : Generic Index Surface,Generic Index Surface,Index CurveSPEC,0,0,183.81,,,
BAS,Index CurveSPEC,Index CurveSPEC,Index Curve,EURAGG_EUR_HEDG-Index Curve,EURAGG_EUR_HEDG-Index Curve,EUR,0,TRUE,@Sliding Axis 2
rm_ro,Index CurveSPEC : Generic Index Surface,Generic Index Surface,Index CurveSPEC,0,0,194.756093,,,
BAS,Index CurveSPEC,Index CurveSPEC,Index Curve,EURAGG_EUR_UNHEDG-Index Curve,EURAGG_EUR_UNHEDG-Index Curve,EUR,0,TRUE,@Sliding Axis 2
rm_ro,Index CurveSPEC : Generic Index Surface,Generic Index Surface,Index CurveSPEC,0,0,195.599832,,,
BAS,Index CurveSPEC,Index CurveSPEC,Index Curve,FBM100_INDEX-Index Curve,FBM100_INDEX-Index Curve,MYR,0,TRUE,@Sliding Axis 2
rm_ro,Index CurveSPEC : Generic Index Surface,Generic Index Surface,Index CurveSPEC,0,0,10742.97,,,
BAS,Index CurveSPEC,Index CurveSPEC,Index Curve,FTMSANTR_INDEX-Index Curve,FTMSANTR_INDEX-Index Curve,GBP,0,TRUE,@Sliding Axis 2
rm_ro,Index CurveSPEC : Generic Index Surface,Generic Index Surface,Index CurveSPEC,0,0,4491.22,,,
BAS,Index CurveSPEC,Index CurveSPEC,Index Curve,GLOBCRED_AUD_HEDG-Index Curve,GLOBCRED_AUD_HEDG-Index Curve,AUD,0,TRUE,@Sliding Axis 2
rm_ro,Index CurveSPEC : Generic Index Surface,Generic Index Surface,Index CurveSPEC,0,0,269.666685,,,
BAS,Index CurveSPEC,Index CurveSPEC,Index Curve,HFRXEW_INDEX-Index Curve,HFRXEW_INDEX-Index Curve,USD,0,TRUE,@Sliding Axis 2
rm_ro,Index CurveSPEC : Generic Index Surface,Generic Index Surface,Index CurveSPEC,0,0,1109,,,
BAS,Index CurveSPEC,Index CurveSPEC,Index Curve,HFRXGLE_INDEX-Index Curve,HFRXGLE_INDEX-Index Curve,EUR,0,TRUE,@Sliding Axis 2
rm_ro,Index CurveSPEC : Generic Index Surface,Generic Index Surface,Index CurveSPEC,0,0,1046.77,,,
BAS,Index CurveSPEC,Index CurveSPEC,Index Curve,INGRASCLX_INDEX-Index Curve,INGRASCLX_INDEX-Index Curve,USD,0,TRUE,@Sliding Axis 2
rm_ro,Index CurveSPEC : Generic Index Surface,Generic Index Surface,Index CurveSPEC,0,0,1357.95,,,
BAS,Index CurveSPEC,Index CurveSPEC,Index Curve,JNEU1R3_INDEX-Index Curve,JNEU1R3_INDEX-Index Curve,EUR,0,TRUE,@Sliding Axis 2
rm_ro,Index CurveSPEC : Generic Index Surface,Generic Index Surface,Index CurveSPEC,0,0,212.205,,,
BAS,Index CurveSPEC,Index CurveSPEC,Index Curve,KISKGA2Y_INDEX-Index Curve,KISKGA2Y_INDEX-Index Curve,KRW,0,TRUE,@Sliding Axis 2
rm_ro,Index CurveSPEC : Generic Index Surface,Generic Index Surface,Index CurveSPEC,0,0,194.824,,,
BAS,Index CurveSPEC,Index CurveSPEC,Index Curve,LPX50TR_INDEX-Index Curve,LPX50TR_INDEX-Index Curve,EUR,0,TRUE,@Sliding Axis 2
rm_ro,Index CurveSPEC : Generic Index Surface,Generic Index Surface,Index CurveSPEC,0,0,926.77,,,
BAS,Index CurveSPEC,Index CurveSPEC,Index Curve,LVACLC_INDEX-Index Curve,LVACLC_INDEX-Index Curve,CLP,0,TRUE,@Sliding Axis 2
rm_ro,Index CurveSPEC : Generic Index Surface,Generic Index Surface,Index CurveSPEC,0,0,2984.66,,,
BAS,Index CurveSPEC,Index CurveSPEC,Index Curve,LVACLG_INDEX-Index Curve,LVACLG_INDEX-Index Curve,CLP,0,TRUE,@Sliding Axis 2
rm_ro,Index CurveSPEC : Generic Index Surface,Generic Index Surface,Index CurveSPEC,0,0,2242.06,,,
BAS,Index CurveSPEC,Index CurveSPEC,Index Curve,MAXIDX_INDEX-Index Curve,MAXIDX_INDEX-Index Curve,HUF,0,TRUE,@Sliding Axis 2
rm_ro,Index CurveSPEC : Generic Index Surface,Generic Index Surface,Index CurveSPEC,0,0,477.3791,,,
BAS,Index CurveSPEC,Index CurveSPEC,Index Curve,MAXRMAX_INDEX-Index Curve,MAXRMAX_INDEX-Index Curve,HUF,0,TRUE,@Sliding Axis 2
rm_ro,Index CurveSPEC : Generic Index Surface,Generic Index Surface,Index CurveSPEC,0,0,471.0111,,,
BAS,Index CurveSPEC,Index CurveSPEC,Index Curve,MSDLWI_INDEX-Index Curve,MSDLWI_INDEX-Index Curve,USD,0,TRUE,@Sliding Axis 2
rm_ro,Index CurveSPEC : Generic Index Surface,Generic Index Surface,Index CurveSPEC,0,0,850.991,,,
BAS,Index CurveSPEC,Index CurveSPEC,Index Curve,MXEF_INDEX-Index Curve,MXEF_INDEX-Index Curve,USD,0,TRUE,@Sliding Axis 2
rm_ro,Index CurveSPEC : Generic Index Surface,Generic Index Surface,Index CurveSPEC,0,0,937.35,,,
BAS,Index CurveSPEC,Index CurveSPEC,Index Curve,MXEU_INDEX-Index Curve,MXEU_INDEX-Index Curve,EUR,0,TRUE,@Sliding Axis 2
rm_ro,Index CurveSPEC : Generic Index Surface,Generic Index Surface,Index CurveSPEC,0,0,84.61,,,
BAS,Index CurveSPEC,Index CurveSPEC,Index Curve,MXLA_INDEX-Index Curve,MXLA_INDEX-Index Curve,USD,0,TRUE,@Sliding Axis 2
rm_ro,Index CurveSPEC : Generic Index Surface,Generic Index Surface,Index CurveSPEC,0,0,3521.49,,,
BAS,Index CurveSPEC,Index CurveSPEC,Index Curve,MXME_INDEX-Index Curve,MXME_INDEX-Index Curve,USD,0,TRUE,@Sliding Axis 2
rm_ro,Index CurveSPEC : Generic Index Surface,Generic Index Surface,Index CurveSPEC,0,0,182.76,,,
BAS,Index CurveSPEC,Index CurveSPEC,Index Curve,MXWO0IT_INDEX-Index Curve,MXWO0IT_INDEX-Index Curve,USD,0,TRUE,@Sliding Axis 2
rm_ro,Index CurveSPEC : Generic Index Surface,Generic Index Surface,Index CurveSPEC,0,0,94.89,,,
BAS,Index CurveSPEC,Index CurveSPEC,Index Curve,NIFTY_INDEX-Index Curve,NIFTY_INDEX-Index Curve,INR,0,TRUE,@Sliding Axis 2
rm_ro,Index CurveSPEC : Generic Index Surface,Generic Index Surface,Index CurveSPEC,0,0,5278.9,,,
BAS,Index CurveSPEC,Index CurveSPEC,Index Curve,OPALPACX_INDEX-Index Curve,OPALPACX_INDEX-Index Curve,USD,0,TRUE,@Sliding Axis 2
rm_ro,Index CurveSPEC : Generic Index Surface,Generic Index Surface,Index CurveSPEC,0,0,1036.6,,,
BAS,Index CurveSPEC,Index CurveSPEC,Index Curve,PANEURAGG_EUR_UNHEDG-Index Curve,PANEURAGG_EUR_UNHEDG-Index Curve,EUR,0,TRUE,@Sliding Axis 2
rm_ro,Index CurveSPEC : Generic Index Surface,Generic Index Surface,Index CurveSPEC,0,0,184.643573,,,
BAS,Index CurveSPEC,Index CurveSPEC,Index Curve,PANEURHY_EUR_HEDG-Index Curve,PANEURHY_EUR_HEDG-Index Curve,EUR,0,TRUE,@Sliding Axis 2
rm_ro,Index CurveSPEC : Generic Index Surface,Generic Index Surface,Index CurveSPEC,0,0,232.590309,,,
BAS,Index CurveSPEC,Index CurveSPEC,Index Curve,RAAX_INDEX-Index Curve,RAAX_INDEX-Index Curve,EUR,0,TRUE,@Sliding Axis 2
rm_ro,Index CurveSPEC : Generic Index Surface,Generic Index Surface,Index CurveSPEC,0,0,1375.38,,,
BAS,Index CurveSPEC,Index CurveSPEC,Index Curve,RMS_INDEX-Index Curve,RMS_INDEX-Index Curve,USD,0,TRUE,@Sliding Axis 2
rm_ro,Index CurveSPEC : Generic Index Surface,Generic Index Surface,Index CurveSPEC,0,0,1216.21,,,
BAS,Index CurveSPEC,Index CurveSPEC,Index Curve,SBJYL_INDEX-Index Curve,SBJYL_INDEX-Index Curve,JPY,0,TRUE,@Sliding Axis 2
rm_ro,Index CurveSPEC : Generic Index Surface,Generic Index Surface,Index CurveSPEC,0,0,318.173,,,
BAS,Index CurveSPEC,Index CurveSPEC,Index Curve,SBWGNJYC_INDEX-Index Curve,SBWGNJYC_INDEX-Index Curve,JPY,0,TRUE,@Sliding Axis 2
rm_ro,Index CurveSPEC : Generic Index Surface,Generic Index Surface,Index CurveSPEC,0,0,336.2231,,,
BAS,Index CurveSPEC,Index CurveSPEC,Index Curve,SBWGNJYU_INDEX-Index Curve,SBWGNJYU_INDEX-Index Curve,JPY,0,TRUE,@Sliding Axis 2
rm_ro,Index CurveSPEC : Generic Index Surface,Generic Index Surface,Index CurveSPEC,0,0,294.1069,,,
BAS,Index CurveSPEC,Index CurveSPEC,Index Curve,SPEURO_INDEX-Index Curve,SPEURO_INDEX-Index Curve,EUR,0,TRUE,@Sliding Axis 2
rm_ro,Index CurveSPEC : Generic Index Surface,Generic Index Surface,Index CurveSPEC,0,0,1029.2,,,
BAS,Index CurveSPEC,Index CurveSPEC,Index Curve,TPXDDVD_INDEX-Index Curve,TPXDDVD_INDEX-Index Curve,JPY,0,TRUE,@Sliding Axis 2
rm_ro,Index CurveSPEC : Generic Index Surface,Generic Index Surface,Index CurveSPEC,0,0,986.62,,,
BAS,Index CurveSPEC,Index CurveSPEC,Index Curve,UNUS_INDEX-Index Curve,UNUS_INDEX-Index Curve,USD,0,TRUE,@Sliding Axis 2
rm_ro,Index CurveSPEC : Generic Index Surface,Generic Index Surface,Index CurveSPEC,0,0,1,,,
BAS,Index CurveSPEC,Index CurveSPEC,Index Curve,USAGG_USD_UNHEDG-Index Curve,USAGG_USD_UNHEDG-Index Curve,USD,0,TRUE,@Sliding Axis 2
rm_ro,Index CurveSPEC : Generic Index Surface,Generic Index Surface,Index CurveSPEC,0,0,1811.769842,,,
BAS,Index CurveSPEC,Index CurveSPEC,Index Curve,USCORPHY_EUR_HEDG-Index Curve,USCORPHY_EUR_HEDG-Index Curve,EUR,0,TRUE,@Sliding Axis 2
rm_ro,Index CurveSPEC : Generic Index Surface,Generic Index Surface,Index CurveSPEC,0,0,231.411685,,,
BAS,Index CurveSPEC,Index CurveSPEC,Index Curve,XU100_INDEX-Index Curve,XU100_INDEX-Index Curve,TRY,0,TRUE,@Sliding Axis 2
rm_ro,Index CurveSPEC : Generic Index Surface,Generic Index Surface,Index CurveSPEC,0,0,62543.49,,,
BAS,Index CurveSPEC,Index CurveSPEC,Index Curve,BCOPC3A2_INDEX-Index Curve,BCOPC3A2_INDEX-Index Curve,INR,0,TRUE,@Sliding Axis 2
rm_ro,Index CurveSPEC : Generic Index Surface,Generic Index Surface,Index CurveSPEC,0,0,9.565,,,
BAS,Index CurveSPEC,Index CurveSPEC,Index Curve,BCOPC3A8_INDEX-Index Curve,BCOPC3A8_INDEX-Index Curve,INR,0,TRUE,@Sliding Axis 2
rm_ro,Index CurveSPEC : Generic Index Surface,Generic Index Surface,Index CurveSPEC,0,0,9.6794,,,
BAS,Index CurveSPEC,Index CurveSPEC,Index Curve,SPCBCR_INDEX-Index Curve,SPCBCR_INDEX-Index Curve,CNY,0,TRUE,@Sliding Axis 2
rm_ro,Index CurveSPEC : Generic Index Surface,Generic Index Surface,Index CurveSPEC,0,0,1800.7,,,
BAS,Index CurveSPEC,Index CurveSPEC,Index Curve,EMUMIDCAP-Index Curve,EMUMIDCAP-Index Curve,EUR,0,TRUE,@Sliding Axis 2
rm_ro,Index CurveSPEC : Generic Index Surface,Generic Index Surface,Index CurveSPEC,0,0,886.85,,,
BAS,Index CurveSPEC,Index CurveSPEC,Index Curve,JGENVUEG-Index Curve,JGENVUEG-Index Curve,EUR,0,TRUE,@Sliding Axis 2
rm_ro,Index CurveSPEC : Generic Index Surface,Generic Index Surface,Index CurveSPEC,0,0,241.687,,,
BAS,Index CurveSPEC,Index CurveSPEC,Index Curve,.TOPX-Index Curve,.TOPX-Index Curve,JPY,0,TRUE,@Sliding Axis 2
rm_ro,Index CurveSPEC : Generic Index Surface,Generic Index Surface,Index CurveSPEC,0,0,770.08,,,
BAS,Index CurveSPEC,Index CurveSPEC,Index Curve,PDGATR_INDEX-Index Curve,PDGATR_INDEX-Index Curve,PLN,0,TRUE,@Sliding Axis 2
rm_ro,Index CurveSPEC : Generic Index Surface,Generic Index Surface,Index CurveSPEC,0,0,289.704,,,
BAS,Index CurveSPEC,Index CurveSPEC,Index Curve,CRD_AM-Index Curve,CRD_AM-Index Curve,USD,0,TRUE,@Sliding Axis 2
rm_ro,Index CurveSPEC : Generic Index Surface,Generic Index Surface,Index CurveSPEC,0,0,0,,,
BAS,Index CurveSPEC,Index CurveSPEC,Index Curve,CRD_AP-Index Curve,CRD_AP-Index Curve,AUD,0,TRUE,@Sliding Axis 2
rm_ro,Index CurveSPEC : Generic Index Surface,Generic Index Surface,Index CurveSPEC,0,0,0,,,
BAS,Index CurveSPEC,Index CurveSPEC,Index Curve,CRD_EU-Index Curve,CRD_EU-Index Curve,EUR,0,TRUE,@Sliding Axis 2
rm_ro,Index CurveSPEC : Generic Index Surface,Generic Index Surface,Index CurveSPEC,0,0,0,,,
BAS,Index CurveSPEC,Index CurveSPEC,Index Curve,MBC_AD-Index Curve,MBC_AD-Index Curve,HKD,0,TRUE,@Sliding Axis 2
rm_ro,Index CurveSPEC : Generic Index Surface,Generic Index Surface,Index CurveSPEC,0,0,0,,,
BAS,Index CurveSPEC,Index CurveSPEC,Index Curve,MBC_AN-Index Curve,MBC_AN-Index Curve,THB,0,TRUE,@Sliding Axis 2
rm_ro,Index CurveSPEC : Generic Index Surface,Generic Index Surface,Index CurveSPEC,0,0,0,,,
BAS,Index CurveSPEC,Index CurveSPEC,Index Curve,MBC_ED-Index Curve,MBC_ED-Index Curve,EUR,0,TRUE,@Sliding Axis 2
rm_ro,Index CurveSPEC : Generic Index Surface,Generic Index Surface,Index CurveSPEC,0,0,0,,,
BAS,Index CurveSPEC,Index CurveSPEC,Index Curve,MBC_EN-Index Curve,MBC_EN-Index Curve,EUR,0,TRUE,@Sliding Axis 2
rm_ro,Index CurveSPEC : Generic Index Surface,Generic Index Surface,Index CurveSPEC,0,0,0,,,
BAS,Index CurveSPEC,Index CurveSPEC,Index Curve,MBC_LA-Index Curve,MBC_LA-Index Curve,CLP,0,TRUE,@Sliding Axis 2
rm_ro,Index CurveSPEC : Generic Index Surface,Generic Index Surface,Index CurveSPEC,0,0,0,,,
BAS,Index CurveSPEC,Index CurveSPEC,Index Curve,MBC_US-Index Curve,MBC_US-Index Curve,USD,0,TRUE,@Sliding Axis 2
rm_ro,Index CurveSPEC : Generic Index Surface,Generic Index Surface,Index CurveSPEC,0,0,0,,,
BAS,Index CurveSPEC,Index CurveSPEC,Index Curve,MTC_AD-Index Curve,MTC_AD-Index Curve,TWD,0,TRUE,@Sliding Axis 2
rm_ro,Index CurveSPEC : Generic Index Surface,Generic Index Surface,Index CurveSPEC,0,0,0,,,
BAS,Index CurveSPEC,Index CurveSPEC,Index Curve,MTC_AN-Index Curve,MTC_AN-Index Curve,USD,0,TRUE,@Sliding Axis 2
rm_ro,Index CurveSPEC : Generic Index Surface,Generic Index Surface,Index CurveSPEC,0,0,0,,,
BAS,Index CurveSPEC,Index CurveSPEC,Index Curve,MTC_ED-Index Curve,MTC_ED-Index Curve,EUR,0,TRUE,@Sliding Axis 2
rm_ro,Index CurveSPEC : Generic Index Surface,Generic Index Surface,Index CurveSPEC,0,0,0,,,
BAS,Index CurveSPEC,Index CurveSPEC,Index Curve,MTC_EN-Index Curve,MTC_EN-Index Curve,USD,0,TRUE,@Sliding Axis 2
rm_ro,Index CurveSPEC : Generic Index Surface,Generic Index Surface,Index CurveSPEC,0,0,0,,,
BAS,Index CurveSPEC,Index CurveSPEC,Index Curve,MTC_LA-Index Curve,MTC_LA-Index Curve,CLP,0,TRUE,@Sliding Axis 2
rm_ro,Index CurveSPEC : Generic Index Surface,Generic Index Surface,Index CurveSPEC,0,0,0,,,
BAS,Index CurveSPEC,Index CurveSPEC,Index Curve,MTC_US-Index Curve,MTC_US-Index Curve,USD,0,TRUE,@Sliding Axis 2
rm_ro,Index CurveSPEC : Generic Index Surface,Generic Index Surface,Index CurveSPEC,0,0,0,,,
BAS,Index CurveSPEC,Index CurveSPEC,Index Curve,PCC_CA-Index Curve,PCC_CA-Index Curve,CAD,0,TRUE,@Sliding Axis 2
rm_ro,Index CurveSPEC : Generic Index Surface,Generic Index Surface,Index CurveSPEC,0,0,0,,,
BAS,Index CurveSPEC,Index CurveSPEC,Index Curve,PCC_EU-Index Curve,PCC_EU-Index Curve,EUR,0,TRUE,@Sliding Axis 2
rm_ro,Index CurveSPEC : Generic Index Surface,Generic Index Surface,Index CurveSPEC,0,0,0,,,
BAS,Index CurveSPEC,Index CurveSPEC,Index Curve,PCC_LA-Index Curve,PCC_LA-Index Curve,MXN,0,TRUE,@Sliding Axis 2
rm_ro,Index CurveSPEC : Generic Index Surface,Generic Index Surface,Index CurveSPEC,0,0,0,,,
BAS,Index CurveSPEC,Index CurveSPEC,Index Curve,OPR_GP-Index Curve,OPR_GP-Index Curve,EUR,0,TRUE,@Sliding Axis 2
rm_ro,Index CurveSPEC : Generic Index Surface,Generic Index Surface,Index CurveSPEC,0,0,0,,,
BAS,Index CurveSPEC,Index CurveSPEC,Index Curve,BUS_GP-Index Curve,BUS_GP-Index Curve,EUR,0,TRUE,@Sliding Axis 2
rm_ro,Index CurveSPEC : Generic Index Surface,Generic Index Surface,Index CurveSPEC,0,0,0,,,
BAS,Index CurveSPEC,Index CurveSPEC,Index Curve,MTN_US-Index Curve,MTN_US-Index Curve,USD,0,TRUE,@Sliding Axis 2
rm_ro,Index CurveSPEC : Generic Index Surface,Generic Index Surface,Index CurveSPEC,0,0,0,,,
BAS,Index CurveSPEC,Index CurveSPEC,Index Curve,MTN_LA-Index Curve,MTN_LA-Index Curve,CLP,0,TRUE,@Sliding Axis 2
rm_ro,Index CurveSPEC : Generic Index Surface,Generic Index Surface,Index CurveSPEC,0,0,0,,,
BAS,Index CurveSPEC,Index CurveSPEC,Index Curve,MTN_AD-Index Curve,MTN_AD-Index Curve,JPY,0,TRUE,@Sliding Axis 2
rm_ro,Index CurveSPEC : Generic Index Surface,Generic Index Surface,Index CurveSPEC,0,0,0,,,
BAS,Index CurveSPEC,Index CurveSPEC,Index Curve,MTN_AN-Index Curve,MTN_AN-Index Curve,MYR,0,TRUE,@Sliding Axis 2
rm_ro,Index CurveSPEC : Generic Index Surface,Generic Index Surface,Index CurveSPEC,0,0,0,,,
BAS,Index CurveSPEC,Index CurveSPEC,Index Curve,MTN_ED-Index Curve,MTN_ED-Index Curve,EUR,0,TRUE,@Sliding Axis 2
rm_ro,Index CurveSPEC : Generic Index Surface,Generic Index Surface,Index CurveSPEC,0,0,0,,,
BAS,Index CurveSPEC,Index CurveSPEC,Index Curve,MTN_EN-Index Curve,MTN_EN-Index Curve,PLN,0,TRUE,@Sliding Axis 2
rm_ro,Index CurveSPEC : Generic Index Surface,Generic Index Surface,Index CurveSPEC,0,0,0,,,
BAS,Index CurveSPEC,Index CurveSPEC,Index Curve,MBN_US-Index Curve,MBN_US-Index Curve,USD,0,TRUE,@Sliding Axis 2
rm_ro,Index CurveSPEC : Generic Index Surface,Generic Index Surface,Index CurveSPEC,0,0,0,,,
BAS,Index CurveSPEC,Index CurveSPEC,Index Curve,MBN_LA-Index Curve,MBN_LA-Index Curve,CLP,0,TRUE,@Sliding Axis 2
rm_ro,Index CurveSPEC : Generic Index Surface,Generic Index Surface,Index CurveSPEC,0,0,0,,,
BAS,Index CurveSPEC,Index CurveSPEC,Index Curve,MBN_AD-Index Curve,MBN_AD-Index Curve,TWD,0,TRUE,@Sliding Axis 2
rm_ro,Index CurveSPEC : Generic Index Surface,Generic Index Surface,Index CurveSPEC,0,0,0,,,
BAS,Index CurveSPEC,Index CurveSPEC,Index Curve,MBN_AN-Index Curve,MBN_AN-Index Curve,MYR,0,TRUE,@Sliding Axis 2
rm_ro,Index CurveSPEC : Generic Index Surface,Generic Index Surface,Index CurveSPEC,0,0,0,,,
BAS,Index CurveSPEC,Index CurveSPEC,Index Curve,MBN_ED-Index Curve,MBN_ED-Index Curve,EUR,0,TRUE,@Sliding Axis 2
rm_ro,Index CurveSPEC : Generic Index Surface,Generic Index Surface,Index CurveSPEC,0,0,0,,,
BAS,Index CurveSPEC,Index CurveSPEC,Index Curve,MBN_EN-Index Curve,MBN_EN-Index Curve,EUR,0,TRUE,@Sliding Axis 2
rm_ro,Index CurveSPEC : Generic Index Surface,Generic Index Surface,Index CurveSPEC,0,0,0,,,
BAS,Index CurveSPEC,Index CurveSPEC,Index Curve,PCN_CA-Index Curve,PCN_CA-Index Curve,CAD,0,TRUE,@Sliding Axis 2
rm_ro,Index CurveSPEC : Generic Index Surface,Generic Index Surface,Index CurveSPEC,0,0,0,,,
BAS,Index CurveSPEC,Index CurveSPEC,Index Curve,PCN_LA-Index Curve,PCN_LA-Index Curve,MXN,0,TRUE,@Sliding Axis 2
rm_ro,Index CurveSPEC : Generic Index Surface,Generic Index Surface,Index CurveSPEC,0,0,0,,,
BAS,Index CurveSPEC,Index CurveSPEC,Index Curve,PCN_EU-Index Curve,PCN_EU-Index Curve,EUR,0,TRUE,@Sliding Axis 2
rm_ro,Index CurveSPEC : Generic Index Surface,Generic Index Surface,Index CurveSPEC,0,0,0,,,
